,K_Numeric,Min_Numeric,C_Numeric,S_Numeric,O_Numeric,T_Numeric,M_Numeric,R_Numeric,Re_Numeric,MinD_Numeric,Phylum_Numeric
Split1,10.644779242370303,10.34775838481277,8.217109862458447,8.98697351130539,10.821369922072325,6.3306167562037565,11.624285162131793,6.275548871319516,7.785850075453456,10.172375030439039,8.793333181433209
Split2,12.334976999351914,14.822939593272832,4.403177945147052,11.430682779707425,9.795049012457232,5.4051599252019775,10.591775014274036,7.495851467070526,10.845099125094453,3.7817205231025843,9.093567615319975
Split3,10.088953913027343,12.761582333122396,7.36045576876414,5.47324276129813,8.49756054522669,6.072382491569952,15.40318228997862,4.6691250893145675,12.01994089908626,9.028499239722697,8.625074668889221
Split4,13.587157487304719,14.074220299090612,8.761553614130033,10.136650080193318,8.708467853538496,5.175213859036979,12.15696105217963,5.270879111543857,6.779912177399069,10.200529401728696,5.148455063854609
Split5,10.077230518444003,21.955621284965115,9.40297528321573,5.53505585718356,7.7086559809908834,4.177748725612035,11.383343405810756,5.140767760388443,6.875767397095671,12.426322701510202,5.316511084783598
