,K_Numeric,Min_Numeric,C_Numeric,S_Numeric,O_Numeric,T_Numeric,M_Numeric,R_Numeric,Re_Numeric,MinD_Numeric,Phylum_Numeric
Split1,6.190833197599173,9.246139694937847,8.428693802620112,5.944568408705243,9.480714358014602,11.87370485782656,9.85969528329934,6.411800128509057,9.121082339024216,14.05107810569944,9.391689823764397
Split2,7.055626038283974,20.346046222263226,8.165637357929786,6.839778827349264,9.791268637501293,13.878025689840786,9.878953474539516,4.502413484362023,8.10138996513229,7.034482028543873,4.406378274253969
Split3,8.356958081438993,6.548449856657773,8.27228432154669,6.510527318594904,8.444938567408968,13.653552975376956,12.751836237246936,7.114842868175221,10.210033940403013,13.080372621268795,5.056203211881749
Split4,8.775433133517756,11.411575150009135,8.912554611626335,9.962591927095993,5.914206383290708,11.41065311320808,9.707619701850781,7.47145411313401,8.29596713953308,12.92779311115403,5.2101516155800915
Split5,6.774175205270261,10.601660115607238,8.340764083842918,5.398721356132207,6.7443784796819894,10.92824460791122,9.093627409284991,4.650126918657557,10.11572486182297,16.586610929299315,10.76596603248933
