,K_Numeric,Min_Numeric,C_Numeric,C_Cnumeric,S_Numeric,SC_Numeric,O_Numeric,T_Numeric,M_Numeric,R_Numeric,Re_Numeric,MinD_Numeric,MaxD_Numeric,System_Numeric,Phylum_Numeric
Split1,9.211559563505588,7.483124051889223,6.039763002610043,3.822714016203061,3.9315704754874483,1.899645300004326,9.232427583056477,5.400319912344368,10.916129132101519,4.785358977419695,7.279019479608261,6.396376633790846,10.44808597762395,6.935812196390616,6.2180936979645685
Split2,7.843374624287533,7.909023734588515,4.763359446328617,4.27143829707672,3.7644221880171234,3.8867054194764954,6.821118834864301,3.6274888970125665,10.847486570737907,5.745241712710391,9.160141834605104,3.6865730815842745,12.788676522033521,5.151747701168016,9.733201135508905
Split3,6.8900960525275625,11.942981721220749,4.046934599460704,5.561629759840379,3.8883850690893986,5.663824972241667,4.8639978030003865,4.302077641135604,11.543868939042689,3.2364292500411063,9.415149160162661,4.508112993722346,11.652508721699844,4.343326360618127,8.14067695619677
Split4,7.924789968035981,7.993719838572286,4.759227973262725,6.161534891256937,5.634002365836263,2.132629615390707,6.215688512621265,4.166556791091951,11.328735296891788,3.7340440428200985,5.856788011509745,6.2478892893322975,11.548754118431406,8.321575313442947,7.974063971503605
Split5,6.551953647126095,12.693853698382354,5.072298427396718,4.99082582013131,4.8413519285724185,5.670835301460232,6.08793114404405,3.660528672542244,9.345657413760753,4.146053116676854,4.550613630630334,6.946030938328613,11.126775748365986,5.784449865687309,8.530840646894742
