,K_Numeric,Min_Numeric,C_Numeric,C_Cnumeric,S_Numeric,SC_Numeric,O_Numeric,T_Numeric,M_Numeric,R_Numeric,Re_Numeric,MinD_Numeric,MaxD_Numeric,System_Numeric,Phylum_Numeric
Split1,3.2281635583363872,6.761620338732261,4.5239585609638775,5.672960361582118,4.8161010247025695,4.214478195025506,8.674114385006117,4.1261913169004325,3.1067774036749998,6.443807751811441,5.130204606878707,8.796946567308742,8.062079914446405,16.301159399726075,10.141436614904373
Split2,3.5660328229397478,5.543638202247521,5.072131460957821,4.312839072586331,4.040009025611407,4.486036823815617,4.915639537013466,4.34215131427418,5.548956110363065,6.475685554613425,2.732735509929527,17.21523947855385,8.198905806498672,15.949215720629727,7.6007835599656275
Split3,2.880187947159917,2.80230166565391,4.367041729474713,5.762512232737633,3.9143249848437436,3.6833802316993736,9.525429866603874,8.97772315339634,3.755120453937878,3.3497741340429377,3.3922369702904813,24.747595224649945,7.772577780329828,11.970912229497385,3.098881395682036
Split4,4.802947065606706,3.8026735630665045,3.8991514820538677,5.076703243186503,4.115426578061202,5.090747132228815,4.324731096181859,4.107754940520607,2.707421087148182,3.0986143984188317,5.915671100039134,19.371196684721046,12.264735073823806,11.853408417418958,9.568818137523984
Split5,2.558250489281678,13.29791789268894,4.3898620940081186,2.893805893929256,3.2618773171667863,2.5924416925869833,5.317962598968374,4.617318316812132,2.8181114078451204,7.592970348925018,5.7746870777232795,15.314255759256518,9.90412842749913,12.581108966035357,7.085301717273292
