,K_Numeric,Min_Numeric,SC_Numeric,T_Numeric,M_Numeric,R_Numeric,Re_Numeric,MinD_Numeric,System_Numeric,Phylum_Numeric
Split1,5.924603285448111,8.831723322470632,8.06395996260019,5.230516154677147,8.675253181906177,9.113413336753133,6.40737129992293,12.296063288667481,22.506923333438237,12.950172834115953
Split2,7.121180949108252,8.240345638965753,10.346098620037138,5.937178494307711,5.6052333924648865,10.138659172851735,4.644958070165885,18.48457689711522,18.945162431234174,10.53660633374925
Split3,7.73502967696669,7.353600647441485,8.133477885880167,14.340093680120928,7.429757250543917,4.805292119651824,4.849087563145209,28.628787269134687,12.559856194748825,4.165017712366281
Split4,7.496917758209628,8.669771015357254,9.028099108498306,7.906208241003969,3.3229052103784795,7.395229032599328,8.510808865944867,19.878779411365823,15.264448943372793,12.52683241326955
Split5,5.514628488467994,15.490466658168456,7.836398450654013,5.386419067564024,6.084493694549404,9.823179567116554,7.255333742037351,16.695870467869224,15.866206457986648,10.047003405586338
