,K_Numeric,Min_Numeric,SC_Numeric,T_Numeric,M_Numeric,R_Numeric,Re_Numeric,MinD_Numeric,System_Numeric,Phylum_Numeric
Split1,9.816620333609574,9.222116265156858,11.791419462420269,10.312515794381353,8.414605743498232,4.963839192295678,12.772077488807664,11.131949827761598,13.803920102206654,7.770935789862117
Split2,9.026650417201502,10.603999932574409,8.878054863903467,11.750118115992874,8.055398468792017,6.87278522514497,8.695485542643365,13.101507501807639,7.150164460312054,15.865835471627715
Split3,6.572000023292281,10.983173516863582,9.195115232432629,8.600026452386283,8.833200492100609,8.304447181870204,9.090663110624776,16.802192660547593,8.940147710835928,12.679033619046129
Split4,9.02222849089284,15.12085657248864,9.208513412719824,13.577631050179193,9.890042593090985,8.23555377751674,9.3532401094582,12.824932838963393,6.507254399534877,6.259746755155311
Split5,5.763421681779391,13.82830350001037,5.885442419216089,10.262060470118614,9.652555820028075,8.816582116746137,11.527775798320086,11.467072030540308,11.027463320888703,11.76932284235224
