,K_Numeric,Min_Numeric,C_Numeric,C_Cnumeric,S_Numeric,SC_Numeric,O_Numeric,T_Numeric,M_Numeric,R_Numeric,Re_Numeric,MinD_Numeric,MaxD_Numeric,System_Numeric,Phylum_Numeric
Split1,2.8824808832132245,3.777024387193288,5.1240256246812015,8.573550728035546,5.814471840553249,6.519198208234379,4.394243268071678,5.165103423216221,2.7745788033586627,5.231762258682601,2.3033584602345036,11.381907929708566,22.841067939492195,10.381732408915347,2.8354938364093365
Split2,2.752567174295871,3.042276376377736,6.39611841663604,6.666799796846782,5.841284951114368,5.730497563856164,3.349507661861241,5.863193153086786,3.052775030035805,8.863440306653454,3.990761716862535,13.134952202118397,17.570127139129813,11.634747727707238,2.1109507834177714
Split3,3.5869634894410938,5.744864692089875,7.259658316149428,6.971314566641739,7.374212746770306,8.276107342099456,2.5976724784024183,2.765584141870181,2.406134790073671,7.129504142110707,3.1404047730135916,16.80134569920253,12.631203903207384,10.268192662794837,3.0468362561327793
Split4,5.583972294976769,5.532572742692047,4.813123409289438,6.467275092528372,5.141951959799035,9.353159038982376,2.367072244146268,4.170285666194367,1.8370140080178428,5.644280368703939,2.944472596122082,14.909122923202252,19.331679934108006,9.442732288174055,2.461285433063147
Split5,3.2776925461233812,4.411705884273308,6.314510550021487,4.839590052162392,4.615156369053195,6.52394754765391,5.393464040994004,8.016957459297753,3.1681957088009853,4.537375895485607,2.8778438219733378,14.464199750503953,19.02703949550902,8.942232480988975,3.590088397158671
